"species","vlength","gear","port","mval_mean","mprice_mean","mkg_mean"
"ANE","VL2440","OTB","ANZIO",118.131109324337,0.0493480344025273,123.380102040816
"ANE","VL2440","OTB","CIVITAVECCHIA",254.436235467803,0.106288074097751,265.741758241758
"ANE","VL2440","OTB","LA SPEZIA",1653.83553054072,0.690872481635382,1727.32142857143
"ANE","VL2440","OTB","PORTO SANTO STEFANO",127.218117733901,0.0531440370488756,132.870879120879
"ANE","VL2440","OTB","PORTOFERRAIO",1378.1962754506,0.575727068029485,1439.43452380952
"ARA","VL1218","OTB","CHIAVARI",7075.90456232247,0.805487242218515,5279.69583333333
"ARA","VL1218","OTB","FIUMICINO",737.073391908591,0.0839049210644287,549.968315972222
"ARA","VL1218","OTB","GENOVA",11793.1742705375,1.34247873703086,8799.49305555555
"ARA","VL1218","OTB","IMPERIA",2948.29356763436,0.335619684257715,2199.87326388889
"ARA","VL1218","OTB","LIVORNO",7862.1161803583,0.894985824687239,5866.3287037037
"ARA","VL1218","OTB","PIOMBINO",11793.1742705375,1.34247873703086,8799.49305555555
"ARA","VL1218","OTB","PORTO ERCOLE",4717.26970821498,0.536991494812344,3519.79722222222
"ARA","VL1218","OTB","PORTO SANTO STEFANO",907.167251579804,0.10326759515622,676.884081196581
"ARA","VL1218","OTB","PORTOFINO",11793.1742705375,1.34247873703086,8799.49305555555
"ARA","VL2440","OTB","ANZIO",0.0994011544011544,0.125718853312254,405.2001996152
"ARA","VL2440","OTB","CIVITAVECCHIA",0.214094794094794,0.270779068672547,872.738891478892
"ARA","VL2440","OTB","LA SPEZIA",1.39161616161616,1.76006394637156,5672.80279461279
"ARA","VL2440","OTB","PORTO SANTO STEFANO",0.107047397047397,0.135389534336274,436.369445739446
"ARA","VL2440","OTB","PORTOFERRAIO",1.15968013468013,1.46671995530963,4727.33566217733
"ARS","VL2440","OTB","ANZIO",339.392013629415,0.82250881948827,941.326710779697
"ARS","VL2440","OTB","CIVITAVECCHIA",730.998183201817,1.77155745735935,2027.4729155255
"ARS","VL2440","OTB","LA SPEZIA",4751.48819081181,11.5151234728358,13178.5739509158
"ARS","VL2440","OTB","PORTO SANTO STEFANO",365.499091600908,0.885778728679675,1013.73645776275
"ARS","VL2440","OTB","PORTOFERRAIO",3959.57349234317,9.59593622736315,10982.1449590965
"ARY","VL1218","OTB","CHIAVARI",226.673208,2.4524100920888,55.464
"ARY","VL1218","OTB","FIUMICINO",23.6117925,0.255459384592584,5.7775
"ARY","VL1218","OTB","GENOVA",377.78868,4.08735015348134,92.44
"ARY","VL1218","OTB","IMPERIA",94.44717,1.02183753837033,23.11
"ARY","VL1218","OTB","LIVORNO",251.85912,2.72490010232089,61.6266666666667
"ARY","VL1218","OTB","PIOMBINO",377.78868,4.08735015348134,92.44
"ARY","VL1218","OTB","PORTO ERCOLE",151.115472,1.63494006139254,36.976
"ARY","VL1218","OTB","PORTO SANTO STEFANO",29.0606676923077,0.314411550267795,7.11076923076923
"ARY","VL1218","OTB","PORTOFINO",377.78868,4.08735015348134,92.44
"ARY","VL2440","OTB","ANZIO",26.071123015873,0.289747869561,6.42063492063492
"ARY","VL2440","OTB","CIVITAVECCHIA",56.153188034188,0.624072334439076,13.8290598290598
"ARY","VL2440","OTB","LA SPEZIA",364.995722222222,4.056470173854,89.8888888888889
"ARY","VL2440","OTB","PORTO SANTO STEFANO",28.076594017094,0.312036167219538,6.91452991452991
"ARY","VL2440","OTB","PORTOFERRAIO",304.163101851852,3.380391811545,74.9074074074074
"BOG","VL1218","OTB","CHIAVARI",10.39116,0.433078209748167,14.38
"BOG","VL1218","OTB","FIUMICINO",1.0824125,0.0451123135154341,1.49791666666667
"BOG","VL1218","OTB","GENOVA",17.3186,0.721797016246946,23.9666666666667
"BOG","VL1218","OTB","IMPERIA",4.32965,0.180449254061736,5.99166666666667
"BOG","VL1218","OTB","LIVORNO",11.5457333333333,0.481198010831297,15.9777777777778
"BOG","VL1218","OTB","PIOMBINO",17.3186,0.721797016246946,23.9666666666667
"BOG","VL1218","OTB","PORTO ERCOLE",6.92744,0.288718806498778,9.58666666666667
"BOG","VL1218","OTB","PORTO SANTO STEFANO",1.3322,0.0555228474036112,1.84358974358974
"BOG","VL1218","OTB","PORTOFINO",17.3186,0.721797016246946,23.9666666666667
"BOG","VL2440","OTB","ANZIO",4.20842261904762,0.0507005130877276,5.99702380952381
"BOG","VL2440","OTB","CIVITAVECCHIA",9.06429487179487,0.109201105112029,12.9166666666667
"BOG","VL2440","OTB","LA SPEZIA",58.9179166666667,0.709807183228187,83.9583333333333
"BOG","VL2440","OTB","PORTO SANTO STEFANO",4.53214743589744,0.0546005525560144,6.45833333333333
"BOG","VL2440","OTB","PORTOFERRAIO",49.0982638888889,0.591505986023489,69.9652777777778
"CTC","VL1218","OTB","CHIAVARI",0,0,537.23693581
"CTC","VL1218","OTB","FIUMICINO",0,0,55.9621808135417
"CTC","VL1218","OTB","GENOVA",0,0,895.394893016667
"CTC","VL1218","OTB","IMPERIA",0,0,223.848723254167
"CTC","VL1218","OTB","LIVORNO",0,0,596.929928677778
"CTC","VL1218","OTB","PIOMBINO",0,0,895.394893016667
"CTC","VL1218","OTB","PORTO ERCOLE",0,0,358.157957206667
"CTC","VL1218","OTB","PORTO SANTO STEFANO",0,0,68.8765302320513
"CTC","VL1218","OTB","PORTOFINO",0,0,895.394893016667
"CTC","VL2440","OTB","ANZIO",0,0,91.72754605
"CTC","VL2440","OTB","CIVITAVECCHIA",0,0,197.567022261539
"CTC","VL2440","OTB","LA SPEZIA",0,0,1284.1856447
"CTC","VL2440","OTB","PORTO SANTO STEFANO",0,0,98.7835111307693
"CTC","VL2440","OTB","PORTOFERRAIO",0,0,1070.15470391667
"DAB","VL1218","OTB","CHIAVARI",784.693848,5.09916031302704,92.352
"DAB","VL1218","OTB","FIUMICINO",81.7389425,0.531162532606984,9.62
"DAB","VL1218","OTB","GENOVA",1307.82308,8.49860052171174,153.92
"DAB","VL1218","OTB","IMPERIA",326.95577,2.12465013042794,38.48
"DAB","VL1218","OTB","LIVORNO",871.882053333333,5.66573368114116,102.613333333333
"DAB","VL1218","OTB","PIOMBINO",1307.82308,8.49860052171174,153.92
"DAB","VL1218","OTB","PORTO ERCOLE",523.129232,3.3994402086847,61.568
"DAB","VL1218","OTB","PORTO SANTO STEFANO",100.601775384615,0.653738501670134,11.84
"DAB","VL1218","OTB","PORTOFINO",1307.82308,8.49860052171174,153.92
"DPS","VL1218","OTB","CHIAVARI",22823.3418374606,4.25831774643583,4058.8766065663
"DPS","VL1218","OTB","FIUMICINO",2377.43144140214,0.443574765253732,422.799646517323
"DPS","VL1218","OTB","GENOVA",38038.9030624343,7.09719624405971,6764.79434427717
"DPS","VL1218","OTB","IMPERIA",9509.72576560858,1.77429906101493,1691.19858606929
"DPS","VL1218","OTB","LIVORNO",25359.2687082895,4.73146416270647,4509.86289618478
"DPS","VL1218","OTB","PIOMBINO",38038.9030624343,7.09719624405971,6764.79434427717
"DPS","VL1218","OTB","PORTO ERCOLE",15215.5612249737,2.83887849762388,2705.91773771087
"DPS","VL1218","OTB","PORTO SANTO STEFANO",2926.0694663411,0.545938172619978,520.368795713629
"DPS","VL1218","OTB","PORTOFINO",38038.9030624343,7.09719624405971,6764.79434427717
"DPS","VL1824","OTB","ANZIO",135.079348111658,0.705670723547914,29370.3852040311
"DPS","VL1824","OTB","CHIAVARI",58.1880268788683,0.303981234759101,12651.8582417365
"DPS","VL1824","OTB","CIVITAVECCHIA",123.090056859144,0.643037227375022,26763.5462805963
"DPS","VL1824","OTB","FIUMICINO",136.378187997348,0.712456018966644,29652.7927540698
"DPS","VL1824","OTB","IMPERIA",109.102550397878,0.569964815173315,23722.2342032559
"DPS","VL1824","OTB","LIVORNO",48.4900223990569,0.253317695632584,10543.215201447
"DPS","VL1824","OTB","PORTO ERCOLE",87.2820403183024,0.455971852138652,18977.7873626047
"DPS","VL1824","OTB","PORTO SANTO STEFANO",123.090056859144,0.643037227375022,26763.5462805963
"DPS","VL1824","OTB","PORTOFERRAIO",24.2450111995284,0.126658847816292,5271.60760072352
"DPS","VL1824","OTB","SAVONA",145.470067197171,0.759953086897753,31629.6456043411
"DPS","VL1824","OTB","VIAREGGIO",145.470067197171,0.759953086897753,31629.6456043411
"DPS","VL2440","OTB","ANZIO",0.786610576923077,0.000299738909848676,537.055231794054
"DPS","VL2440","OTB","CIVITAVECCHIA",1.69423816568047,0.000645591498135611,1156.73434540258
"DPS","VL2440","OTB","LA SPEZIA",11.0125480769231,0.00419634473788147,7518.77324511676
"DPS","VL2440","OTB","PORTO SANTO STEFANO",0.847119082840237,0.000322795749067805,578.367172701289
"DPS","VL2440","OTB","PORTOFERRAIO",9.1771233974359,0.00349695394823456,6265.64437093063
"HKE","VL1218","OTB","CHIAVARI",201.415068181818,1.27182350283535,1838.53296390549
"HKE","VL1218","OTB","FIUMICINO",20.9807362689394,0.132481614878682,191.513850406822
"HKE","VL1218","OTB","GENOVA",335.69178030303,2.11970583805891,3064.22160650915
"HKE","VL1218","OTB","IMPERIA",83.9229450757576,0.529926459514728,766.055401627286
"HKE","VL1218","OTB","LIVORNO",223.79452020202,1.41313722537261,2042.81440433943
"HKE","VL1218","OTB","PIOMBINO",335.69178030303,2.11970583805891,3064.22160650915
"HKE","VL1218","OTB","PORTO ERCOLE",134.276712121212,0.847882335223565,1225.68864260366
"HKE","VL1218","OTB","PORTO SANTO STEFANO",25.8224446386946,0.163054295235301,235.709354346857
"HKE","VL1218","OTB","PORTOFINO",335.69178030303,2.11970583805891,3064.22160650915
"HKE","VL1824","OTB","ANZIO",50.5654133825944,0.285101901378781,20401.3727945428
"HKE","VL1824","OTB","CHIAVARI",21.7820242263484,0.122813126747783,8788.28366534149
"HKE","VL1824","OTB","CIVITAVECCHIA",46.0773589403523,0.25979699888954,18590.6000612993
"HKE","VL1824","OTB","FIUMICINO",51.051619280504,0.287843265815115,20597.5398406441
"HKE","VL1824","OTB","IMPERIA",40.8412954244032,0.230274612652092,16478.0318725153
"HKE","VL1824","OTB","LIVORNO",18.1516868552903,0.102344272289819,7323.56972111791
"HKE","VL1824","OTB","PORTO ERCOLE",32.6730363395225,0.184219690121674,13182.4254980122
"HKE","VL1824","OTB","PORTO SANTO STEFANO",46.0773589403523,0.25979699888954,18590.6000612993
"HKE","VL1824","OTB","PORTOFERRAIO",9.07584342764515,0.0511721361449094,3661.78486055896
"HKE","VL1824","OTB","SAVONA",54.4550605658709,0.307032816869456,21970.7091633537
"HKE","VL1824","OTB","VIAREGGIO",54.4550605658709,0.307032816869456,21970.7091633537
"HKE","VL2440","OTB","ANZIO",15.4979455357143,0.0642606443701105,396.277452143474
"HKE","VL2440","OTB","CIVITAVECCHIA",33.3801903846154,0.138407541720238,853.520666155176
"HKE","VL2440","OTB","LA SPEZIA",216.9712375,0.899649021181547,5547.88433000864
"HKE","VL2440","OTB","PORTO SANTO STEFANO",16.6900951923077,0.069203770860119,426.760333077588
"HKE","VL2440","OTB","PORTOFERRAIO",180.809364583333,0.749707517651289,4623.23694167387
"HOM","VL1218","OTB","CHIAVARI",237.094756130608,0.731135782232979,230.377272727273
"HOM","VL1218","OTB","FIUMICINO",24.6973704302716,0.0761599773159353,23.9976325757576
"HOM","VL1218","OTB","GENOVA",395.157926884346,1.21855963705496,383.962121212121
"HOM","VL1218","OTB","IMPERIA",98.7894817210866,0.304639909263741,95.9905303030303
"HOM","VL1218","OTB","LIVORNO",263.438617922897,0.812373091369976,255.974747474747
"HOM","VL1218","OTB","PIOMBINO",395.157926884346,1.21855963705496,383.962121212121
"HOM","VL1218","OTB","PORTO ERCOLE",158.063170753739,0.487423854821986,153.584848484848
"HOM","VL1218","OTB","PORTO SANTO STEFANO",30.3967636064882,0.0937353566965357,29.5355477855478
"HOM","VL1218","OTB","PORTOFINO",395.157926884346,1.21855963705496,383.962121212121
"HOM","VL1824","OTB","ANZIO",1897.47554180499,0.848801207759916,2067.33681456985
"HOM","VL1824","OTB","CHIAVARI",817.374079546763,0.365637443342733,890.545089353167
"HOM","VL1824","OTB","CIVITAVECCHIA",1729.06055288738,0.773463822455781,1883.84538132401
"HOM","VL1824","OTB","FIUMICINO",1915.72049893773,0.85696275783453,2087.21505317148
"HOM","VL1824","OTB","IMPERIA",1532.57639915018,0.685570206267624,1669.77204253719
"HOM","VL1824","OTB","LIVORNO",681.145066288969,0.304697869452277,742.120907794305
"HOM","VL1824","OTB","PORTO ERCOLE",1226.06111932014,0.548456165014099,1335.81763402975
"HOM","VL1824","OTB","PORTO SANTO STEFANO",1729.06055288738,0.773463822455781,1883.84538132401
"HOM","VL1824","OTB","PORTOFERRAIO",340.572533144485,0.152348934726139,371.060453897153
"HOM","VL1824","OTB","SAVONA",2043.43519886691,0.914093608356832,2226.36272338292
"HOM","VL1824","OTB","VIAREGGIO",2043.43519886691,0.914093608356832,2226.36272338292
"HOM","VL2440","OTB","ANZIO",31.391726430404,0.0790120663510479,31.7901785714286
"HOM","VL2440","OTB","CIVITAVECCHIA",67.6129492347164,0.170179835217642,68.4711538461539
"HOM","VL2440","OTB","LA SPEZIA",439.484170025656,1.10616892891467,445.0625
"HOM","VL2440","OTB","PORTO SANTO STEFANO",33.8064746173582,0.0850899176088209,34.2355769230769
"HOM","VL2440","OTB","PORTOFERRAIO",366.236808354714,0.921807440762226,370.885416666667
"ILL","VL1218","OTB","CHIAVARI",294.057984,2.96427158175485,59.52
"ILL","VL1218","OTB","FIUMICINO",30.63104,0.30877828976613,6.2
"ILL","VL1218","OTB","GENOVA",490.09664,4.94045263625808,99.2
"ILL","VL1218","OTB","IMPERIA",122.52416,1.23511315906452,24.8
"ILL","VL1218","OTB","LIVORNO",326.731093333333,3.29363509083872,66.1333333333333
"ILL","VL1218","OTB","PIOMBINO",490.09664,4.94045263625808,99.2
"ILL","VL1218","OTB","PORTO ERCOLE",196.038656,1.97618105450323,39.68
"ILL","VL1218","OTB","PORTO SANTO STEFANO",37.6997415384615,0.380034818173698,7.63076923076923
"ILL","VL1218","OTB","PORTOFINO",490.09664,4.94045263625808,99.2
"ILL","VL2440","OTB","ANZIO",22.8457569444444,0.374331265038359,4.35664682539683
"ILL","VL2440","OTB","CIVITAVECCHIA",49.2062457264957,0.806251955467235,9.38354700854701
"ILL","VL2440","OTB","LA SPEZIA",319.840597222222,5.24063771053703,60.9930555555556
"ILL","VL2440","OTB","PORTO SANTO STEFANO",24.6031228632479,0.403125977733618,4.6917735042735
"ILL","VL2440","OTB","PORTOFERRAIO",266.533831018519,4.36719809211419,50.8275462962963
"MAC","VL2440","OTB","ANZIO",12.3803551587302,0.143098119701391,6.63492063492063
"MAC","VL2440","OTB","CIVITAVECCHIA",26.6653803418803,0.308211334741459,14.2905982905983
"MAC","VL2440","OTB","LA SPEZIA",173.324972222222,2.00337367581948,92.8888888888889
"MAC","VL2440","OTB","PORTO SANTO STEFANO",13.3326901709402,0.154105667370729,7.14529914529915
"MAC","VL2440","OTB","PORTOFERRAIO",144.437476851852,1.6694780631829,77.4074074074074
"MUR","VL1218","OTB","CHIAVARI",121.084563636364,1.83723364017577,94.6827630181818
"MUR","VL1218","OTB","FIUMICINO",12.6129753787879,0.191378504184976,9.86278781439394
"MUR","VL1218","OTB","GENOVA",201.807606060606,3.06205606695962,157.804605030303
"MUR","VL1218","OTB","IMPERIA",50.4519015151515,0.765514016739905,39.4511512575758
"MUR","VL1218","OTB","LIVORNO",134.538404040404,2.04137071130641,105.203070020202
"MUR","VL1218","OTB","PIOMBINO",201.807606060606,3.06205606695962,157.804605030303
"MUR","VL1218","OTB","PORTO ERCOLE",80.7230424242424,1.22482242678385,63.1218420121212
"MUR","VL1218","OTB","PORTO SANTO STEFANO",15.523662004662,0.235542774381509,12.1388157715618
"MUR","VL1218","OTB","PORTOFINO",201.807606060606,3.06205606695962,157.804605030303
"MUR","VL1824","OTB","ANZIO",9641.74439769589,4.82196446373851,1860.46760665075
"MUR","VL1824","OTB","CHIAVARI",4153.366817469,2.0771539228412,801.432199788016
"MUR","VL1824","OTB","CIVITAVECCHIA",8785.96826772288,4.39397945216409,1695.33734570542
"MUR","VL1824","OTB","FIUMICINO",9734.45347844296,4.86832950665907,1878.35671825316
"MUR","VL1824","OTB","IMPERIA",7787.56278275437,3.89466360532726,1502.68537460253
"MUR","VL1824","OTB","LIVORNO",3461.1390145575,1.73096160236767,667.860166490013
"MUR","VL1824","OTB","PORTO ERCOLE",6230.0502262035,3.11573088426181,1202.14829968202
"MUR","VL1824","OTB","PORTO SANTO STEFANO",8785.96826772288,4.39397945216409,1695.33734570542
"MUR","VL1824","OTB","PORTOFERRAIO",1730.56950727875,0.865480801183835,333.930083245007
"MUR","VL1824","OTB","SAVONA",10383.4170436725,5.19288480710301,2003.58049947004
"MUR","VL1824","OTB","VIAREGGIO",10383.4170436725,5.19288480710301,2003.58049947004
"MUR","VL2440","OTB","ANZIO",7.45499221938775,0.217015230022233,48.1985544217687
"MUR","VL2440","OTB","CIVITAVECCHIA",16.0569063186813,0.467417418509425,103.812271062271
"MUR","VL2440","OTB","LA SPEZIA",104.369891071429,3.03821322031126,674.779761904762
"MUR","VL2440","OTB","PORTO SANTO STEFANO",8.02845315934066,0.233708709254712,51.9061355311355
"MUR","VL2440","OTB","PORTOFERRAIO",86.9749092261905,2.53184435025938,562.316468253968
"MUT","VL1218","OTB","CHIAVARI",10355.2642401063,3.48247477677277,1852.71821463886
"MUT","VL1218","OTB","FIUMICINO",1078.67335834441,0.362757789247163,192.991480691548
"MUT","VL1218","OTB","GENOVA",17258.7737335105,5.80412462795461,3087.86369106477
"MUT","VL1218","OTB","IMPERIA",4314.69343337763,1.45103115698865,771.965922766193
"MUT","VL1218","OTB","LIVORNO",11505.8491556737,3.86941641863641,2058.57579404318
"MUT","VL1218","OTB","PIOMBINO",17258.7737335105,5.80412462795461,3087.86369106477
"MUT","VL1218","OTB","PORTO ERCOLE",6903.50949340422,2.32164985118184,1235.14547642591
"MUT","VL1218","OTB","PORTO SANTO STEFANO",1327.59797950081,0.446471125227278,237.527976235752
"MUT","VL1218","OTB","PORTOFINO",17258.7737335105,5.80412462795461,3087.86369106477
"MUT","VL1824","OTB","ANZIO",0,0,19804.4679963164
"MUT","VL1824","OTB","CHIAVARI",0,0,8531.15544456708
"MUT","VL1824","OTB","CIVITAVECCHIA",0,0,18046.6749788919
"MUT","VL1824","OTB","FIUMICINO",0,0,19994.8955732041
"MUT","VL1824","OTB","IMPERIA",0,0,15995.9164585633
"MUT","VL1824","OTB","LIVORNO",0,0,7109.2962038059
"MUT","VL1824","OTB","PORTO ERCOLE",0,0,12796.7331668506
"MUT","VL1824","OTB","PORTO SANTO STEFANO",0,0,18046.6749788919
"MUT","VL1824","OTB","PORTOFERRAIO",0,0,3554.64810190295
"MUT","VL1824","OTB","SAVONA",0,0,21327.8886114177
"MUT","VL1824","OTB","VIAREGGIO",0,0,21327.8886114177
"MUT","VL2440","OTB","ANZIO",5.43354619169096,0.177438361855535,232.575997238022
"MUT","VL2440","OTB","CIVITAVECCHIA",11.703022566719,0.382174933227306,500.932917128048
"MUT","VL2440","OTB","LA SPEZIA",76.0696466836735,2.48413706597749,3256.06396133231
"MUT","VL2440","OTB","PORTO SANTO STEFANO",5.8515112833595,0.191087466613653,250.466458564024
"MUT","VL2440","OTB","PORTOFERRAIO",63.3913722363946,2.07011422164791,2713.38663444359
"NEP","VL1218","OTB","CHIAVARI",31472.084737927,13.2669290598059,2209.415558249
"NEP","VL1218","OTB","FIUMICINO",3278.34216020073,1.38197177706311,230.147453984271
"NEP","VL1218","OTB","GENOVA",52453.4745632116,22.1115484330098,3682.35926374833
"NEP","VL1218","OTB","IMPERIA",13113.3686408029,5.52788710825245,920.589815937083
"NEP","VL1218","OTB","LIVORNO",34968.9830421411,14.7410322886732,2454.90617583222
"NEP","VL1218","OTB","PIOMBINO",52453.4745632116,22.1115484330098,3682.35926374833
"NEP","VL1218","OTB","PORTO ERCOLE",20981.3898252847,8.84461937320392,1472.94370549933
"NEP","VL1218","OTB","PORTO SANTO STEFANO",4034.88265870859,1.70088834100075,283.258404903718
"NEP","VL1218","OTB","PORTOFINO",52453.4745632116,22.1115484330098,3682.35926374833
"NEP","VL1824","OTB","ANZIO",1011.98209914966,1.64426963207361,5526.6159191408
"NEP","VL1824","OTB","CHIAVARI",435.93075040293,0.708300764585556,2380.69608824527
"NEP","VL1824","OTB","CIVITAVECCHIA",922.16120277543,1.49832854046945,5036.08787898037
"NEP","VL1824","OTB","FIUMICINO",1021.71269625687,1.6600799169974,5579.75645682484
"NEP","VL1824","OTB","IMPERIA",817.370157005495,1.32806393359792,4463.80516545988
"NEP","VL1824","OTB","LIVORNO",363.275625335775,0.59025063715463,1983.91340687106
"NEP","VL1824","OTB","PORTO ERCOLE",653.896125604396,1.06245114687833,3571.0441323679
"NEP","VL1824","OTB","PORTO SANTO STEFANO",922.16120277543,1.49832854046945,5036.08787898037
"NEP","VL1824","OTB","PORTOFERRAIO",181.637812667888,0.295125318577315,991.956703435528
"NEP","VL1824","OTB","SAVONA",1089.82687600733,1.77075191146389,5951.74022061317
"NEP","VL1824","OTB","VIAREGGIO",1089.82687600733,1.77075191146389,5951.74022061317
"NEP","VL2440","OTB","ANZIO",62.5833937794348,0.500248362922512,838.220791906506
"NEP","VL2440","OTB","CIVITAVECCHIA",134.795001986475,1.07745801244849,1805.39862872171
"NEP","VL2440","OTB","LA SPEZIA",876.167512912088,7.00347708091516,11735.0910866911
"NEP","VL2440","OTB","PORTO SANTO STEFANO",67.3975009932375,0.538729006224243,902.699314360853
"NEP","VL2440","OTB","PORTOFERRAIO",730.139594093407,5.83623090076263,9779.24257224257
"OCC","VL1218","OTB","CHIAVARI",0,0,712.524919908571
"OCC","VL1218","OTB","FIUMICINO",0,0,74.2213458238095
"OCC","VL1218","OTB","GENOVA",0,0,1187.54153318095
"OCC","VL1218","OTB","IMPERIA",0,0,296.885383295238
"OCC","VL1218","OTB","LIVORNO",0,0,791.694355453968
"OCC","VL1218","OTB","PIOMBINO",0,0,1187.54153318095
"OCC","VL1218","OTB","PORTO ERCOLE",0,0,475.016613272381
"OCC","VL1218","OTB","PORTO SANTO STEFANO",0,0,91.3493487062271
"OCC","VL1218","OTB","PORTOFINO",0,0,1187.54153318095
"PIL","VL2440","OTB","ANZIO",0.18259126984127,0.0768765262515262,0.158730158730159
"PIL","VL2440","OTB","CIVITAVECCHIA",0.393273504273504,0.165580210387903,0.341880341880342
"PIL","VL2440","OTB","LA SPEZIA",2.55627777777778,1.07627136752137,2.22222222222222
"PIL","VL2440","OTB","PORTO SANTO STEFANO",0.196636752136752,0.0827901051939514,0.170940170940171
"PIL","VL2440","OTB","PORTOFERRAIO",2.13023148148148,0.896892806267806,1.85185185185185
"ROL","VL1218","OTB","CHIAVARI",52.0506833333333,0.293282520168628,104.1
"ROL","VL1218","OTB","FIUMICINO",5.42194618055556,0.0305502625175654,10.84375
"ROL","VL1218","OTB","GENOVA",86.7511388888889,0.488804200281046,173.5
"ROL","VL1218","OTB","IMPERIA",21.6877847222222,0.122201050070262,43.375
"ROL","VL1218","OTB","LIVORNO",57.8340925925926,0.325869466854031,115.666666666667
"ROL","VL1218","OTB","PIOMBINO",86.7511388888889,0.488804200281046,173.5
"ROL","VL1218","OTB","PORTO ERCOLE",34.7004555555556,0.195521680112418,69.4
"ROL","VL1218","OTB","PORTO SANTO STEFANO",6.67316452991453,0.037600323098542,13.3461538461538
"ROL","VL1218","OTB","PORTOFINO",86.7511388888889,0.488804200281046,173.5
"SPC","VL2440","OTB","ANZIO",3.19012351190476,0.0518667565710965,4.42559523809524
"SPC","VL2440","OTB","CIVITAVECCHIA",6.87103525641026,0.111713014153131,9.53205128205128
"SPC","VL2440","OTB","LA SPEZIA",44.6617291666667,0.726134591995352,61.9583333333333
"SPC","VL2440","OTB","PORTO SANTO STEFANO",3.43551762820513,0.0558565070765655,4.76602564102564
"SPC","VL2440","OTB","PORTOFERRAIO",37.2181076388889,0.605112159996126,51.6319444444444
"WHB","VL1218","OTB","CHIAVARI",331.45846,2.12973585028609,95.66
"WHB","VL1218","OTB","FIUMICINO",34.5269229166667,0.221847484404801,9.96458333333333
"WHB","VL1218","OTB","GENOVA",552.430766666667,3.54955975047681,159.433333333333
"WHB","VL1218","OTB","IMPERIA",138.107691666667,0.887389937619203,39.8583333333333
"WHB","VL1218","OTB","LIVORNO",368.287177777778,2.36637316698454,106.288888888889
"WHB","VL1218","OTB","PIOMBINO",552.430766666667,3.54955975047681,159.433333333333
"WHB","VL1218","OTB","PORTO ERCOLE",220.972306666667,1.41982390019073,63.7733333333333
"WHB","VL1218","OTB","PORTO SANTO STEFANO",42.4946743589744,0.273043057728986,12.2641025641026
"WHB","VL1218","OTB","PORTOFINO",552.430766666667,3.54955975047681,159.433333333333
