"MMSI","id","gear","vlength"
"247145030","1400:219:2","OTB","VL2440"
"247149010","1400:219:2","OTB","VL2440"
"247147190","1400:219:2","OTB","VL2440"
"247145030","1400:219:4","OTB","VL2440"
"247145030","1400:229:2","OTB","VL2440"
"247145030","1401:110:3","OTB","VL2440"
"247145030","1401:120:1","OTB","VL2440"
"247146950","1400:219:4","OTB","VL2440"
"247146950","1400:229:2","OTB","VL2440"
"247146950","1401:110:3","OTB","VL2440"
"247146950","1401:120:1","OTB","VL2440"
"247149010","1400:219:4","OTB","VL2440"
"247149010","1400:229:2","OTB","VL2440"
"247149010","1401:110:3","OTB","VL2440"
"247149010","1401:120:1","OTB","VL2440"
"247144430","1400:219:4","OTB","VL1824"
"247144430","1400:229:2","OTB","VL1824"
"247144430","1401:110:3","OTB","VL1824"
"247144430","1401:120:1","OTB","VL1824"
"247065720","1400:229:2","OTB","VL1824"
"247065720","1400:229:4","OTB","VL1824"
"247065720","1401:120:1","OTB","VL1824"
"247065720","1401:120:3","OTB","VL1824"
"247145030","1400:229:4","OTB","VL2440"
"247145030","1401:120:3","OTB","VL2440"
"247096930","1400:229:2","OTB","VL1824"
"247096930","1400:229:4","OTB","VL1824"
"247096930","1401:120:1","OTB","VL1824"
"247096930","1401:120:3","OTB","VL1824"
"247144430","1400:229:4","OTB","VL1824"
"247144430","1401:120:3","OTB","VL1824"
"247147190","1400:229:2","OTB","VL2440"
"247149010","1400:229:4","OTB","VL2440"
"247149010","1401:120:3","OTB","VL2440"
"247146950","1400:229:4","OTB","VL2440"
"247146950","1401:120:3","OTB","VL2440"
"247147190","1400:229:4","OTB","VL2440"
"247147190","1401:120:1","OTB","VL2440"
"247147190","1401:120:3","OTB","VL2440"
"247065720","1400:239:2","OTB","VL1824"
"247065720","1401:130:1","OTB","VL1824"
"247220290","1400:229:4","OTB","VL1218"
"247220290","1400:239:2","OTB","VL1218"
"247220290","1401:120:3","OTB","VL1218"
"247220290","1401:130:1","OTB","VL1218"
"247066860","1400:229:4","OTB","VL1824"
"247081680","1400:229:4","OTB","VL1218"
"247066860","1400:239:2","OTB","VL1824"
"247066860","1401:120:3","OTB","VL1824"
"247066860","1401:130:1","OTB","VL1824"
"247066930","1400:229:4","OTB","VL1218"
"247220130","1400:229:4","OTB","VL2440"
"247066180","1400:229:4","OTB","VL2440"
"247048880","1400:237:4","OTB","VL1824"
"247048990","1400:237:4","OTB","VL1824"
"247042850","1400:237:4","OTB","VL1218"
"247048870","1400:237:4","OTB","VL1824"
"247048880","1400:238:3","OTB","VL1824"
"247048870","1400:238:3","OTB","VL1824"
"247048990","1400:238:3","OTB","VL1824"
"247044790","1400:239:2","OTB","VL1218"
"247066930","1400:239:2","OTB","VL1218"
"247081680","1400:239:2","OTB","VL1218"
"247044920","1400:239:3","OTB","VL1218"
"247041670","1400:239:3","OTB","VL1824"
"247041670","1400:239:4","OTB","VL1824"
"247041670","1400:249:1","OTB","VL1824"
"247041670","1400:249:2","OTB","VL1824"
"247044970","1400:239:3","OTB","VL1218"
"247150210","1400:239:3","OTB","VL2440"
"247150210","1400:239:4","OTB","VL2440"
"247150210","1400:249:1","OTB","VL2440"
"247150210","1400:249:2","OTB","VL2440"
"247045120","1400:239:3","OTB","VL1218"
"247045120","1400:239:4","OTB","VL1218"
"247045120","1400:249:1","OTB","VL1218"
"247045120","1400:249:2","OTB","VL1218"
"247103220","1400:239:3","OTB","VL1218"
"247103220","1400:239:4","OTB","VL1218"
"247103220","1400:249:1","OTB","VL1218"
"247103220","1400:249:2","OTB","VL1218"
"247063630","1400:239:4","OTB","VL1824"
"247066860","1400:239:4","OTB","VL1824"
"247200190","1400:239:4","OTB","VL1218"
"247081680","1400:239:4","OTB","VL1218"
"247041470","1400:239:4","OTB","VL1824"
"247066930","1400:239:4","OTB","VL1218"
"247204460","1400:248:1","OTB","VL1824"
"247049280","1400:248:1","OTB","VL1824"
"247204460","1400:248:2","OTB","VL1824"
"247123990","1400:248:2","OTB","VL1218"
"247041670","1400:248:2","OTB","VL1824"
"247049280","1400:248:2","OTB","VL1824"
"247044920","1400:248:2","OTB","VL1218"
"247044970","1400:248:2","OTB","VL1218"
"247045120","1400:248:2","OTB","VL1218"
"247200190","1400:248:2","OTB","VL1218"
"247044970","1400:249:1","OTB","VL1218"
"247200190","1400:249:1","OTB","VL1218"
"247123990","1400:249:1","OTB","VL1218"
"247045180","1400:249:1","OTB","VL1218"
"247044920","1400:249:1","OTB","VL1218"
"247044930","1400:249:1","OTB","VL1824"
"247045180","1400:249:2","OTB","VL1218"
"247044930","1400:249:2","OTB","VL1824"
"247200190","1400:249:2","OTB","VL1218"
"247044920","1400:249:2","OTB","VL1218"
"247065440","1401:110:3","OTB","VL1824"
"247222320","1401:110:4","OTB","VL1218"
"247068110","1401:110:4","OTB","VL1824"
"247222320","1401:111:3","OTB","VL1218"
"247094330","1401:111:3","OTB","VL1824"
"247094340","1401:111:3","OTB","VL1824"
"247065720","1401:111:3","OTB","VL1824"
"247128190","1401:111:3","OTB","VL1824"
"247068110","1401:111:3","OTB","VL1824"
"247122360","1401:111:3","OTB","VL1824"
"247092790","1401:111:3","OTB","VL1824"
"247093030","1401:111:3","OTB","VL1824"
"247119090","1401:111:3","OTB","VL1824"
"247093060","1401:111:3","OTB","VL1824"
"247094260","1401:111:3","OTB","VL2440"
"247094310","1401:111:3","OTB","VL1824"
"247092770","1401:111:3","OTB","VL1824"
"247094320","1401:111:3","OTB","VL1824"
"247092810","1401:111:4","OTB","VL1824"
"247094280","1401:111:4","OTB","VL1824"
"247093030","1401:111:4","OTB","VL1824"
"247099830","1401:111:4","OTB","VL1824"
"247123920","1401:111:4","OTB","VL1824"
"247092920","1401:111:4","OTB","VL1824"
"247096930","1401:111:4","OTB","VL1824"
"247092770","1401:111:4","OTB","VL1824"
"247092850","1401:111:4","OTB","VL1824"
"247093060","1401:111:4","OTB","VL1824"
"247149790","1401:111:4","OTB","VL1218"
"247110830","1401:111:4","OTB","VL1824"
"247093010","1401:111:4","OTB","VL1824"
"247099360","1401:111:4","OTB","VL1824"
"247119090","1401:111:4","OTB","VL1824"
"247111950","1401:111:4","OTB","VL1824"
"247892860","1401:111:4","OTB","VL1824"
"247092830","1401:111:4","OTB","VL1824"
"247092790","1401:111:4","OTB","VL1824"
"247093040","1401:111:4","OTB","VL1824"
"247122360","1401:111:4","OTB","VL1824"
"247094340","1401:111:4","OTB","VL1824"
"247094330","1401:111:4","OTB","VL1824"
"247099820","1401:111:4","OTB","VL1824"
"247099790","1401:111:4","OTB","VL2440"
"247128190","1401:111:4","OTB","VL1824"
"247094260","1401:111:4","OTB","VL2440"
"247094310","1401:111:4","OTB","VL1824"
"247099810","1401:111:4","OTB","VL1824"
"247094320","1401:111:4","OTB","VL1824"
"247091080","1401:112:1","OTB","VL1824"
"247096440","1401:112:1","OTB","VL1824"
"247092790","1401:112:1","OTB","VL1824"
"247067010","1401:112:1","OTB","VL1824"
"247092850","1401:112:1","OTB","VL1824"
"247092850","1401:112:2","OTB","VL1824"
"247092850","1401:112:3","OTB","VL1824"
"247092850","1401:112:4","OTB","VL1824"
"247096930","1401:112:1","OTB","VL1824"
"247096470","1401:112:1","OTB","VL1824"
"247096470","1401:112:2","OTB","VL1824"
"247096470","1401:112:3","OTB","VL1824"
"247096470","1401:112:4","OTB","VL1824"
"247088050","1401:112:1","OTB","VL1824"
"247093040","1401:112:1","OTB","VL1824"
"247090910","1401:112:1","OTB","VL1824"
"247250620","1401:112:1","OTB","VL1824"
"247250620","1401:112:2","OTB","VL1824"
"247250620","1401:112:3","OTB","VL1824"
"247250620","1401:112:4","OTB","VL1824"
"247092830","1401:112:1","OTB","VL1824"
"247088050","1401:112:2","OTB","VL1824"
"247088050","1401:112:3","OTB","VL1824"
"247088050","1401:112:4","OTB","VL1824"
"247090910","1401:112:2","OTB","VL1824"
"247090910","1401:112:3","OTB","VL1824"
"247090910","1401:112:4","OTB","VL1824"
"247092770","1401:112:1","OTB","VL1824"
"247091080","1401:112:2","OTB","VL1824"
"247091080","1401:112:3","OTB","VL1824"
"247091080","1401:112:4","OTB","VL1824"
"247090850","1401:112:1","OTB","VL1824"
"247090850","1401:112:2","OTB","VL1824"
"247090850","1401:112:3","OTB","VL1824"
"247090850","1401:112:4","OTB","VL1824"
"247096440","1401:112:2","OTB","VL1824"
"247096440","1401:112:3","OTB","VL1824"
"247096440","1401:112:4","OTB","VL1824"
"247149790","1401:112:1","OTB","VL1218"
"247067010","1401:112:2","OTB","VL1824"
"247067010","1401:112:3","OTB","VL1824"
"247067010","1401:112:4","OTB","VL1824"
"247092810","1401:112:1","OTB","VL1824"
"247119090","1401:112:1","OTB","VL1824"
"247081850","1401:112:1","OTB","VL1824"
"247080330","1401:112:1","OTB","VL1824"
"247080330","1401:112:2","OTB","VL1824"
"247080330","1401:112:3","OTB","VL1824"
"247080330","1401:112:4","OTB","VL1824"
"247090950","1401:112:1","OTB","VL1824"
"247090950","1401:112:2","OTB","VL1824"
"247090950","1401:112:3","OTB","VL1824"
"247090950","1401:112:4","OTB","VL1824"
"247096450","1401:112:1","OTB","VL2440"
"247096450","1401:112:2","OTB","VL2440"
"247096450","1401:112:3","OTB","VL2440"
"247096450","1401:112:4","OTB","VL2440"
"247123920","1401:112:1","OTB","VL1824"
"247092870","1401:112:1","OTB","VL1824"
"247092870","1401:112:2","OTB","VL1824"
"247092870","1401:112:3","OTB","VL1824"
"247092870","1401:112:4","OTB","VL1824"
"247092920","1401:112:1","OTB","VL1824"
"247091090","1401:112:1","OTB","VL1824"
"247093030","1401:112:1","OTB","VL1824"
"247091090","1401:112:2","OTB","VL1824"
"247091090","1401:112:3","OTB","VL1824"
"247091090","1401:112:4","OTB","VL1824"
"247892860","1401:112:1","OTB","VL1824"
"247093010","1401:112:1","OTB","VL1824"
"247093060","1401:112:1","OTB","VL1824"
"247099360","1401:112:1","OTB","VL1824"
"247081850","1401:112:2","OTB","VL1824"
"247081850","1401:112:3","OTB","VL1824"
"247081850","1401:112:4","OTB","VL1824"
"247892860","1401:112:3","OTB","VL1824"
"247096930","1401:112:3","OTB","VL1824"
"247093030","1401:112:3","OTB","VL1824"
"247123920","1401:112:3","OTB","VL1824"
"247092790","1401:112:3","OTB","VL1824"
"247099360","1401:112:3","OTB","VL1824"
"247093010","1401:112:3","OTB","VL1824"
"247092920","1401:112:3","OTB","VL1824"
"247093060","1401:112:3","OTB","VL1824"
"247093040","1401:112:3","OTB","VL1824"
"247092830","1401:112:3","OTB","VL1824"
"247149790","1401:112:3","OTB","VL1218"
"247119090","1401:112:3","OTB","VL1824"
"247092770","1401:112:3","OTB","VL1824"
"247092810","1401:112:3","OTB","VL1824"
"247094320","1401:112:3","OTB","VL1824"
"247110830","1401:112:3","OTB","VL1824"
"247094330","1401:112:3","OTB","VL1824"
"247099820","1401:112:3","OTB","VL1824"
"247122360","1401:112:3","OTB","VL1824"
"247128190","1401:112:3","OTB","VL1824"
"247111950","1401:112:3","OTB","VL1824"
"247094340","1401:112:3","OTB","VL1824"
"247094260","1401:112:3","OTB","VL2440"
"247152290","1401:120:1","OTB","VL1824"
"247152290","1401:120:2","OTB","VL1824"
"247152290","1401:120:3","OTB","VL1824"
"247152290","1401:120:4","OTB","VL1824"
"247065440","1401:120:1","OTB","VL1824"
"247065730","1401:120:1","OTB","VL1824"
"247065730","1401:120:2","OTB","VL1824"
"247065730","1401:120:3","OTB","VL1824"
"247065730","1401:120:4","OTB","VL1824"
"247065720","1401:120:2","OTB","VL1824"
"247065720","1401:120:4","OTB","VL1824"
"247222320","1401:120:1","OTB","VL1218"
"247066180","1401:120:1","OTB","VL2440"
"247066180","1401:120:2","OTB","VL2440"
"247066180","1401:120:3","OTB","VL2440"
"247066180","1401:120:4","OTB","VL2440"
"247101230","1401:120:1","OTB","VL1824"
"247101230","1401:120:2","OTB","VL1824"
"247101230","1401:120:3","OTB","VL1824"
"247101230","1401:120:4","OTB","VL1824"
"247041470","1401:120:1","OTB","VL1824"
"247041470","1401:120:2","OTB","VL1824"
"247041470","1401:120:3","OTB","VL1824"
"247041470","1401:120:4","OTB","VL1824"
"247065440","1401:120:2","OTB","VL1824"
"247065440","1401:120:3","OTB","VL1824"
"247065440","1401:120:4","OTB","VL1824"
"247068110","1401:120:1","OTB","VL1824"
"247220290","1401:120:1","OTB","VL1218"
"247300170","1401:120:1","OTB","VL1824"
"247300170","1401:120:2","OTB","VL1824"
"247300170","1401:120:3","OTB","VL1824"
"247300170","1401:120:4","OTB","VL1824"
"247147420","1401:120:1","OTB","VL1824"
"247147420","1401:120:2","OTB","VL1824"
"247066190","1401:120:2","OTB","VL1218"
"247222320","1401:120:2","OTB","VL1218"
"247065690","1401:120:2","OTB","VL1824"
"247303790","1401:120:2","OTB","VL1824"
"247066290","1401:120:2","OTB","VL1824"
"247042630","1401:120:2","OTB","VL1218"
"247068110","1401:120:2","OTB","VL1824"
"247068070","1401:120:2","OTB","VL1824"
"247096930","1401:120:2","OTB","VL1824"
"247066190","1401:120:3","OTB","VL1218"
"247044790","1401:120:3","OTB","VL1218"
"247044790","1401:120:4","OTB","VL1218"
"247044790","1401:130:1","OTB","VL1218"
"247220130","1401:120:3","OTB","VL2440"
"247220290","1401:120:4","OTB","VL1218"
"247066930","1401:120:3","OTB","VL1218"
"247081680","1401:120:3","OTB","VL1218"
"247081680","1401:120:4","OTB","VL1218"
"247081680","1401:130:1","OTB","VL1218"
"247066860","1401:120:4","OTB","VL1824"
"247065690","1401:120:3","OTB","VL1824"
"247066930","1401:120:4","OTB","VL1218"
"247066930","1401:130:1","OTB","VL1218"
"247066190","1401:120:4","OTB","VL1218"
"247065690","1401:120:4","OTB","VL1824"
"247147420","1401:120:4","OTB","VL1824"
"247220130","1401:120:4","OTB","VL2440"
"247303790","1401:120:4","OTB","VL1824"
"247066290","1401:120:4","OTB","VL1824"
"247068070","1401:120:4","OTB","VL1824"
"247096930","1401:120:4","OTB","VL1824"
"247222320","1401:121:1","OTB","VL1218"
"247152290","1401:121:1","OTB","VL1824"
"247110830","1401:121:1","OTB","VL1824"
"247094330","1401:121:1","OTB","VL1824"
"247094280","1401:121:1","OTB","VL1824"
"247065720","1401:121:1","OTB","VL1824"
"247147420","1401:121:1","OTB","VL1824"
"247066190","1401:121:1","OTB","VL1218"
"247065730","1401:121:1","OTB","VL1824"
"247099820","1401:121:1","OTB","VL1824"
"247099810","1401:121:1","OTB","VL1824"
"247122360","1401:121:1","OTB","VL1824"
"247094340","1401:121:1","OTB","VL1824"
"247065440","1401:121:1","OTB","VL1824"
"247303790","1401:121:1","OTB","VL1824"
"247065690","1401:121:1","OTB","VL1824"
"247042630","1401:121:1","OTB","VL1218"
"247128190","1401:121:1","OTB","VL1824"
"247094310","1401:121:1","OTB","VL1824"
"247068110","1401:121:1","OTB","VL1824"
"247101230","1401:121:1","OTB","VL1824"
"247066180","1401:121:1","OTB","VL2440"
"247066290","1401:121:1","OTB","VL1824"
"247068070","1401:121:1","OTB","VL1824"
"247094260","1401:121:1","OTB","VL2440"
"247041470","1401:121:1","OTB","VL1824"
"247111950","1401:121:1","OTB","VL1824"
"247099830","1401:121:1","OTB","VL1824"
"247099790","1401:121:1","OTB","VL2440"
"247096930","1401:121:1","OTB","VL1824"
"247300170","1401:121:1","OTB","VL1824"
"247099830","1401:121:2","OTB","VL1824"
"247094280","1401:121:2","OTB","VL1824"
"247111950","1401:121:2","OTB","VL1824"
"247110830","1401:121:2","OTB","VL1824"
"247094330","1401:121:2","OTB","VL1824"
"247128190","1401:121:2","OTB","VL1824"
"247094260","1401:121:2","OTB","VL2440"
"247099790","1401:121:2","OTB","VL2440"
"247099820","1401:121:2","OTB","VL1824"
"247094310","1401:121:2","OTB","VL1824"
"247094340","1401:121:2","OTB","VL1824"
"247122360","1401:121:2","OTB","VL1824"
"247099810","1401:121:2","OTB","VL1824"
"247066190","1401:121:3","OTB","VL1218"
"247152290","1401:121:3","OTB","VL1824"
"247065730","1401:121:3","OTB","VL1824"
"247065440","1401:121:3","OTB","VL1824"
"247065720","1401:121:3","OTB","VL1824"
"247065690","1401:121:3","OTB","VL1824"
"247066180","1401:121:3","OTB","VL2440"
"247101230","1401:121:3","OTB","VL1824"
"247147420","1401:121:3","OTB","VL1824"
"247096930","1401:121:3","OTB","VL1824"
"247300170","1401:121:3","OTB","VL1824"
"247220130","1401:130:1","OTB","VL2440"
"247067010","1401:130:1","OTB","VL1824"
"247081680","1401:130:3","OTB","VL1218"
"247063630","1401:130:3","OTB","VL1824"
"247066860","1401:130:3","OTB","VL1824"
"247200190","1401:130:3","OTB","VL1218"
"247066930","1401:130:3","OTB","VL1218"
