"year","port_code","gear","n"
"2013","ESAQA","DTS",2
"2013","ESAQA","PS",2
"2013","ESARN","DTS",4
"2013","ESARN","PS",1
"2013","ESBCN","DTS",5
"2013","ESBCN","PS",7
"2013","ESBLA","DTS",4
"2013","ESBLA","PS",2
"2013","ESBNI","DTS",10
"2013","ESBRX","PS",3
"2013","ESCAS","DTS",9
"2013","ESCAS","PS",5
"2013","ESCBL","DTS",9
"2013","ESCBL","PS",1
"2013","ESCDK","DTS",2
"2013","ESCFE","DTS",1
"2013","ESCLP","DTS",7
"2013","ESDNA","DTS",7
"2013","ESERA","DTS",7
"2013","ESGAN","DTS",1
"2013","ESGLE","PS",3
"2013","ESJAV","DTS",2
"2013","ESJAV","PS",2
"2013","ESKLL","DTS",8
"2013","ESKLL","PS",4
"2013","ESLLC","DTS",2
"2013","ESPAL","DTS",11
"2013","ESPAL","PS",1
"2013","ESPNL","DTS",14
"2013","ESQAJ","DTS",2
"2013","ESROS","DTS",12
"2013","ESROS","PS",3
"2013","ESSCR","DTS",23
"2013","ESSFU","PS",2
"2013","ESSPO","DTS",12
"2013","ESSPP","DTS",1
"2013","ESSPP","PS",1
"2013","ESTAR","DTS",9
"2013","ESTAR","PS",3
"2013","ESTOR","DTS",1
"2013","ESTOR","PS",2
"2013","ESVJY","DTS",13
"2013","ESVLC","DTS",2
"2013","ESVLG","DTS",8
"2013","ESVLG","PS",5
"2013","ESVZR","DTS",3
"2013","ESVZR","PS",2
"2014","ESAQA","DTS",2
"2014","ESAQA","PS",2
"2014","ESARN","DTS",5
"2014","ESARN","PS",1
"2014","ESBCN","DTS",4
"2014","ESBCN","PS",8
"2014","ESBLA","DTS",3
"2014","ESBLA","PS",1
"2014","ESBNI","DTS",11
"2014","ESBRX","PS",3
"2014","ESCAS","DTS",8
"2014","ESCAS","PS",6
"2014","ESCBL","DTS",9
"2014","ESCBL","PS",1
"2014","ESCDK","DTS",2
"2014","ESCFE","DTS",1
"2014","ESCLP","DTS",7
"2014","ESDNA","DTS",8
"2014","ESERA","DTS",6
"2014","ESGAN","DTS",2
"2014","ESGLE","PS",1
"2014","ESJAV","DTS",2
"2014","ESJAV","PS",2
"2014","ESKLL","DTS",8
"2014","ESKLL","PS",4
"2014","ESLLC","DTS",2
"2014","ESPAL","DTS",11
"2014","ESPAL","PS",1
"2014","ESPNL","DTS",13
"2014","ESQAJ","DTS",2
"2014","ESROS","DTS",12
"2014","ESROS","PS",3
"2014","ESSAG","DTS",1
"2014","ESSCR","DTS",23
"2014","ESSFU","PS",2
"2014","ESSPO","DTS",9
"2014","ESSPP","DTS",1
"2014","ESSPP","PS",1
"2014","ESTAR","DTS",9
"2014","ESTAR","PS",3
"2014","ESTOR","DTS",1
"2014","ESTOR","PS",2
"2014","ESVJY","DTS",13
"2014","ESVLC","DTS",2
"2014","ESVLG","DTS",9
"2014","ESVLG","PS",4
"2014","ESVZR","DTS",3
"2014","ESVZR","PS",2
"2015","ESAQA","DTS",2
"2015","ESAQA","PS",1
"2015","ESARN","DTS",6
"2015","ESARN","PS",1
"2015","ESBCN","DTS",4
"2015","ESBCN","PS",9
"2015","ESBLA","DTS",3
"2015","ESBLA","PS",1
"2015","ESBNI","DTS",8
"2015","ESBRX","PS",3
"2015","ESCAS","DTS",7
"2015","ESCAS","PS",6
"2015","ESCBL","DTS",7
"2015","ESCBL","PS",1
"2015","ESCDK","DTS",2
"2015","ESCFE","DTS",1
"2015","ESCLP","DTS",7
"2015","ESDNA","DTS",7
"2015","ESERA","DTS",5
"2015","ESGAN","DTS",2
"2015","ESGLE","PS",1
"2015","ESJAV","DTS",2
"2015","ESJAV","PS",2
"2015","ESKLL","DTS",8
"2015","ESKLL","PS",4
"2015","ESLAA","DTS",1
"2015","ESLLC","DTS",3
"2015","ESPAL","DTS",13
"2015","ESPAL","PS",1
"2015","ESPNL","DTS",13
"2015","ESQAJ","DTS",3
"2015","ESROS","DTS",9
"2015","ESROS","PS",3
"2015","ESSAG","DTS",1
"2015","ESSCR","DTS",22
"2015","ESSFU","PS",1
"2015","ESSPO","DTS",8
"2015","ESSPP","DTS",1
"2015","ESSPP","PS",1
"2015","ESTAR","DTS",9
"2015","ESTAR","PS",3
"2015","ESTOR","DTS",1
"2015","ESTOR","PS",3
"2015","ESVJY","DTS",13
"2015","ESVLC","DTS",2
"2015","ESVLG","DTS",7
"2015","ESVLG","PS",4
"2015","ESVZR","DTS",3
"2015","ESVZR","PS",2
"2016","ESAQA","DTS",2
"2016","ESAQA","PS",1
"2016","ESARN","DTS",5
"2016","ESARN","PS",1
"2016","ESBCN","DTS",2
"2016","ESBCN","PS",9
"2016","ESBLA","DTS",3
"2016","ESBLA","PS",1
"2016","ESBNI","DTS",9
"2016","ESBRX","DTS",1
"2016","ESBRX","PS",3
"2016","ESCAS","DTS",7
"2016","ESCAS","PS",6
"2016","ESCBL","DTS",5
"2016","ESCBL","PS",1
"2016","ESCDK","DTS",2
"2016","ESCFE","DTS",1
"2016","ESCLP","DTS",7
"2016","ESDNA","DTS",7
"2016","ESERA","DTS",5
"2016","ESGAN","DTS",2
"2016","ESGAN","PS",1
"2016","ESGLE","PS",1
"2016","ESJAV","DTS",2
"2016","ESJAV","PS",2
"2016","ESKLL","DTS",8
"2016","ESKLL","PS",4
"2016","ESLAA","DTS",1
"2016","ESLLC","DTS",3
"2016","ESPAL","DTS",13
"2016","ESPAL","PS",1
"2016","ESPNL","DTS",11
"2016","ESQAJ","DTS",3
"2016","ESROS","DTS",9
"2016","ESROS","PS",3
"2016","ESSAG","DTS",1
"2016","ESSCR","DTS",23
"2016","ESSFU","PS",1
"2016","ESSPO","DTS",8
"2016","ESSPP","DTS",1
"2016","ESTAR","DTS",8
"2016","ESTAR","PS",3
"2016","ESTOR","DTS",1
"2016","ESTOR","PS",3
"2016","ESVJY","DTS",15
"2016","ESVLC","DTS",3
"2016","ESVLG","DTS",6
"2016","ESVLG","PS",3
"2016","ESVZR","DTS",2
"2016","ESVZR","PS",2
"2017","ESAQA","DTS",3
"2017","ESAQA","PS",1
"2017","ESARN","DTS",5
"2017","ESARN","PS",2
"2017","ESBCN","DTS",2
"2017","ESBCN","PS",9
"2017","ESBLA","DTS",3
"2017","ESBLA","PS",1
"2017","ESBNI","DTS",8
"2017","ESBRX","DTS",1
"2017","ESBRX","PS",4
"2017","ESCAS","DTS",8
"2017","ESCAS","PS",6
"2017","ESCBL","DTS",5
"2017","ESCBL","PS",1
"2017","ESCDK","DTS",2
"2017","ESCFE","DTS",1
"2017","ESCLP","DTS",6
"2017","ESDNA","DTS",7
"2017","ESERA","DTS",5
"2017","ESGAN","DTS",2
"2017","ESGAN","PS",1
"2017","ESGLE","PS",1
"2017","ESJAV","DTS",2
"2017","ESJAV","PS",3
"2017","ESKLL","DTS",6
"2017","ESKLL","PS",4
"2017","ESLAA","DTS",1
"2017","ESLLC","DTS",3
"2017","ESPAL","DTS",13
"2017","ESPAL","PS",1
"2017","ESPNL","DTS",10
"2017","ESQAJ","DTS",3
"2017","ESROS","DTS",10
"2017","ESROS","PS",2
"2017","ESSAG","DTS",1
"2017","ESSCR","DTS",20
"2017","ESSFU","PS",1
"2017","ESSPO","DTS",8
"2017","ESSPP","DTS",1
"2017","ESTAR","DTS",8
"2017","ESTAR","PS",4
"2017","ESTOR","DTS",1
"2017","ESTOR","PS",3
"2017","ESVJY","DTS",14
"2017","ESVLC","DTS",4
"2017","ESVLG","DTS",5
"2017","ESVLG","PS",3
"2017","ESVZR","DTS",2
"2017","ESVZR","PS",2
"2017","ESZME","DTS",1
"2018","ESAQA","DTS",2
"2018","ESARN","DTS",6
"2018","ESARN","PS",2
"2018","ESBCN","DTS",4
"2018","ESBCN","PS",8
"2018","ESBLA","DTS",4
"2018","ESBLA","PS",2
"2018","ESBNI","DTS",8
"2018","ESBRX","PS",3
"2018","ESCAS","DTS",7
"2018","ESCAS","PS",6
"2018","ESCBL","DTS",5
"2018","ESCBL","PS",1
"2018","ESCDK","DTS",2
"2018","ESCFE","DTS",1
"2018","ESCLP","DTS",6
"2018","ESDNA","DTS",7
"2018","ESERA","DTS",4
"2018","ESGAN","DTS",2
"2018","ESGAN","PS",1
"2018","ESGLE","PS",1
"2018","ESJAV","DTS",2
"2018","ESJAV","PS",2
"2018","ESKLL","DTS",7
"2018","ESKLL","PS",4
"2018","ESLAA","DTS",1
"2018","ESLLC","DTS",3
"2018","ESPAL","DTS",14
"2018","ESPAL","PS",1
"2018","ESPNL","DTS",10
"2018","ESQAJ","DTS",2
"2018","ESROS","DTS",11
"2018","ESROS","PS",2
"2018","ESSAG","DTS",1
"2018","ESSCR","DTS",18
"2018","ESSFU","PS",1
"2018","ESSPO","DTS",9
"2018","ESSPP","DTS",1
"2018","ESTAR","DTS",9
"2018","ESTAR","PS",3
"2018","ESTOR","PS",3
"2018","ESVJY","DTS",13
"2018","ESVLC","DTS",4
"2018","ESVLG","DTS",4
"2018","ESVLG","PS",3
"2018","ESVZR","DTS",2
"2018","ESVZR","PS",2
"2018","ESZME","DTS",1
"2019","ESAQA","DTS",2
"2019","ESARN","DTS",6
"2019","ESARN","PS",2
"2019","ESBCN","DTS",4
"2019","ESBCN","PS",8
"2019","ESBLA","DTS",2
"2019","ESBLA","PS",2
"2019","ESBNI","DTS",8
"2019","ESBRX","DTS",1
"2019","ESBRX","PS",3
"2019","ESCAS","DTS",7
"2019","ESCAS","PS",6
"2019","ESCBL","DTS",6
"2019","ESCBL","PS",1
"2019","ESCDK","DTS",2
"2019","ESCFE","DTS",1
"2019","ESCLP","DTS",4
"2019","ESDNA","DTS",8
"2019","ESERA","DTS",4
"2019","ESGAN","DTS",2
"2019","ESGAN","PS",1
"2019","ESGLE","PS",1
"2019","ESJAV","DTS",2
"2019","ESJAV","PS",1
"2019","ESKLL","DTS",7
"2019","ESKLL","PS",2
"2019","ESLAA","DTS",1
"2019","ESLLC","DTS",4
"2019","ESPAL","DTS",14
"2019","ESPAL","PS",1
"2019","ESPNL","DTS",10
"2019","ESQAJ","DTS",2
"2019","ESROS","DTS",13
"2019","ESROS","PS",2
"2019","ESSCR","DTS",17
"2019","ESSFU","PS",1
"2019","ESSPO","DTS",12
"2019","ESSPP","DTS",1
"2019","ESTAR","DTS",10
"2019","ESTAR","PS",3
"2019","ESTOR","PS",2
"2019","ESVJY","DTS",11
"2019","ESVLC","DTS",4
"2019","ESVLG","DTS",5
"2019","ESVLG","PS",2
"2019","ESVZR","DTS",2
"2019","ESVZR","PS",2
"2019","ESZME","DTS",1
"2020","ESAQA","DTS",2
"2020","ESARN","DTS",4
"2020","ESARN","PS",2
"2020","ESBCN","DTS",4
"2020","ESBCN","PS",8
"2020","ESBLA","DTS",3
"2020","ESBLA","PS",2
"2020","ESBNI","DTS",8
"2020","ESBRX","PS",3
"2020","ESCAS","DTS",7
"2020","ESCAS","PS",6
"2020","ESCBL","DTS",5
"2020","ESCBL","PS",2
"2020","ESCDK","DTS",2
"2020","ESCFE","DTS",1
"2020","ESCLP","DTS",2
"2020","ESDNA","DTS",8
"2020","ESERA","DTS",4
"2020","ESGAN","DTS",2
"2020","ESGAN","PS",2
"2020","ESGLE","PS",1
"2020","ESJAV","DTS",2
"2020","ESJAV","PS",2
"2020","ESKLL","DTS",5
"2020","ESKLL","PS",3
"2020","ESLAA","DTS",1
"2020","ESLLC","DTS",4
"2020","ESPAL","DTS",14
"2020","ESPAL","PS",1
"2020","ESPNL","DTS",10
"2020","ESQAJ","DTS",2
"2020","ESROS","DTS",11
"2020","ESROS","PS",2
"2020","ESSCR","DTS",15
"2020","ESSFU","PS",1
"2020","ESSPO","DTS",12
"2020","ESSPP","DTS",1
"2020","ESTAR","DTS",9
"2020","ESTAR","PS",3
"2020","ESTOR","PS",2
"2020","ESVJY","DTS",9
"2020","ESVLC","DTS",1
"2020","ESVLG","DTS",5
"2020","ESVLG","PS",2
"2020","ESVZR","DTS",1
"2020","ESVZR","PS",2
"2021","ESAQA","DTS",2
"2021","ESARN","DTS",3
"2021","ESARN","PS",3
"2021","ESBCN","DTS",4
"2021","ESBCN","PS",7
"2021","ESBLA","DTS",4
"2021","ESBLA","PS",2
"2021","ESBNI","DTS",8
"2021","ESBRX","DTS",1
"2021","ESBRX","PS",3
"2021","ESCAR","PS",1
"2021","ESCAS","DTS",5
"2021","ESCAS","PS",6
"2021","ESCBL","DTS",4
"2021","ESCBL","PS",2
"2021","ESCDK","DTS",2
"2021","ESCLP","DTS",2
"2021","ESDNA","DTS",8
"2021","ESERA","DTS",4
"2021","ESGAN","DTS",1
"2021","ESGAN","PS",2
"2021","ESGLE","PS",1
"2021","ESJAV","DTS",2
"2021","ESJAV","PS",2
"2021","ESKLL","DTS",6
"2021","ESKLL","PS",2
"2021","ESLAA","DTS",1
"2021","ESLLC","DTS",3
"2021","ESPAL","DTS",14
"2021","ESPAL","PS",1
"2021","ESPNL","DTS",9
"2021","ESQAJ","DTS",2
"2021","ESROS","DTS",11
"2021","ESROS","PS",3
"2021","ESSCR","DTS",16
"2021","ESSFU","PS",1
"2021","ESSPO","DTS",13
"2021","ESSPP","DTS",1
"2021","ESTAR","DTS",8
"2021","ESTAR","PS",3
"2021","ESTOR","PS",2
"2021","ESVJY","DTS",10
"2021","ESVLC","DTS",2
"2021","ESVLG","DTS",4
"2021","ESVLG","PS",3
"2021","ESVZR","DTS",1
"2021","ESVZR","PS",2
"2022","ESAQA","DTS",2
"2022","ESAQA","PS",1
"2022","ESARN","DTS",2
"2022","ESARN","PS",3
"2022","ESBCN","DTS",4
"2022","ESBCN","PS",5
"2022","ESBLA","DTS",4
"2022","ESBLA","PS",1
"2022","ESBNI","DTS",8
"2022","ESBRX","DTS",2
"2022","ESBRX","PS",3
"2022","ESCAR","PS",1
"2022","ESCAS","DTS",3
"2022","ESCAS","PS",6
"2022","ESCBL","DTS",3
"2022","ESCBL","PS",2
"2022","ESCDK","DTS",2
"2022","ESCLP","DTS",2
"2022","ESDNA","DTS",6
"2022","ESERA","DTS",4
"2022","ESGAN","DTS",1
"2022","ESGAN","PS",2
"2022","ESGLE","PS",1
"2022","ESJAV","DTS",2
"2022","ESJAV","PS",2
"2022","ESKLL","DTS",6
"2022","ESKLL","PS",2
"2022","ESLAA","DTS",1
"2022","ESLLC","DTS",2
"2022","ESPAL","DTS",14
"2022","ESPAL","PS",1
"2022","ESPNL","DTS",8
"2022","ESQAJ","DTS",2
"2022","ESROS","DTS",11
"2022","ESROS","PS",3
"2022","ESSCR","DTS",15
"2022","ESSFU","PS",1
"2022","ESSPO","DTS",13
"2022","ESSPP","DTS",1
"2022","ESTAR","DTS",8
"2022","ESTAR","PS",3
"2022","ESTOR","PS",2
"2022","ESVJY","DTS",10
"2022","ESVLC","DTS",2
"2022","ESVLG","DTS",5
"2022","ESVLG","PS",2
"2022","ESVZR","PS",2
"2023","ESAQA","DTS",3
"2023","ESAQA","PS",1
"2023","ESARN","DTS",3
"2023","ESARN","PS",3
"2023","ESBCN","DTS",5
"2023","ESBCN","PS",5
"2023","ESBLA","DTS",4
"2023","ESBLA","PS",1
"2023","ESBNI","DTS",7
"2023","ESBRX","DTS",2
"2023","ESBRX","PS",2
"2023","ESCAR","PS",1
"2023","ESCAS","DTS",4
"2023","ESCAS","PS",6
"2023","ESCBL","DTS",4
"2023","ESCBL","PS",2
"2023","ESCDK","DTS",2
"2023","ESCLP","DTS",4
"2023","ESDNA","DTS",6
"2023","ESERA","DTS",4
"2023","ESGAN","DTS",1
"2023","ESGLE","PS",1
"2023","ESJAV","DTS",2
"2023","ESJAV","PS",2
"2023","ESKLL","DTS",6
"2023","ESKLL","PS",2
"2023","ESLAA","DTS",1
"2023","ESLLC","DTS",2
"2023","ESPAL","DTS",15
"2023","ESPAL","PS",1
"2023","ESPNL","DTS",7
"2023","ESQAJ","DTS",2
"2023","ESROS","DTS",11
"2023","ESROS","PS",3
"2023","ESSCR","DTS",14
"2023","ESSFU","PS",1
"2023","ESSPO","DTS",12
"2023","ESSPP","DTS",1
"2023","ESTAR","DTS",8
"2023","ESTAR","PS",4
"2023","ESTOR","PS",3
"2023","ESVJY","DTS",9
"2023","ESVLC","DTS",2
"2023","ESVLG","DTS",6
"2023","ESVLG","PS",3
"2023","ESVZR","PS",2
"2024","ESAQA","DTS",2
"2024","ESAQA","PS",1
"2024","ESARN","DTS",4
"2024","ESARN","PS",2
"2024","ESBCN","DTS",5
"2024","ESBCN","PS",3
"2024","ESBLA","DTS",5
"2024","ESBLA","PS",1
"2024","ESBNI","DTS",6
"2024","ESBRX","DTS",2
"2024","ESBRX","PS",2
"2024","ESCAR","PS",1
"2024","ESCAS","DTS",4
"2024","ESCAS","PS",6
"2024","ESCBL","DTS",3
"2024","ESCBL","PS",2
"2024","ESCDK","DTS",2
"2024","ESCLP","DTS",4
"2024","ESDNA","DTS",6
"2024","ESERA","DTS",4
"2024","ESGAN","DTS",1
"2024","ESGLE","PS",1
"2024","ESJAV","DTS",2
"2024","ESJAV","PS",1
"2024","ESKLL","DTS",4
"2024","ESKLL","PS",3
"2024","ESLAA","DTS",1
"2024","ESLLC","DTS",2
"2024","ESPAL","DTS",14
"2024","ESPAL","PS",1
"2024","ESPNL","DTS",9
"2024","ESQAJ","DTS",2
"2024","ESROS","DTS",11
"2024","ESROS","PS",2
"2024","ESSCR","DTS",16
"2024","ESSFU","PS",1
"2024","ESSPO","DTS",12
"2024","ESSPP","DTS",1
"2024","ESTAR","DTS",7
"2024","ESTAR","PS",4
"2024","ESTOR","PS",3
"2024","ESVJY","DTS",9
"2024","ESVLC","DTS",4
"2024","ESVLG","DTS",4
"2024","ESVLG","PS",4
"2024","ESVZR","PS",2
